email,name,phone,address,depart_vehicle_type,depart_airline,depart_at,return_at,seat_table,depart_flight_number,return_vehicle_type,return_airline,return_flight_number,postal_code,qr_link,checked_in,depart_train_name,return_train_name,depart_vehicle_additional_info,return_vehicle_additional_info
fachruddinyusufilham@gmail.com,Fachruddin Yusuf ,00000000000,Jalan2,car,,2023-12-21T15:10:00,2023-12-22T15:13:00,V1A,,plane,Jjj,123,123,https://api.qrserver.com/v1/create-qr-code/?size=200x200&data=fachruddinyusufilham@gmail.com,false,,,,
1fachruddinyusufilham@gmail.com,Fachruddin Yusuf ,00000000000,Jalan2,car,,2023-12-21T15:10:00,2023-12-22T15:13:00,V1A,,plane,Jjj,123,123,https://api.qrserver.com/v1/create-qr-code/?size=200x200&data=fachruddinyusufilham@gmail.com,false,,,,
2fachruddinyusufilham@gmail.com,Fachruddin Yusuf ,00000000000,Jalan2,car,,2023-12-21T15:10:00,2023-12-22T15:13:00,V1A,,plane,Jjj,123,123,https://api.qrserver.com/v1/create-qr-code/?size=200x200&data=fachruddinyusufilham@gmail.com,false,,,,
3fachruddinyusufilham@gmail.com,Fachruddin Yusuf ,00000000000,Jalan2,car,,2023-12-21T15:10:00,2023-12-22T15:13:00,V1A,,plane,Jjj,123,123,https://api.qrserver.com/v1/create-qr-code/?size=200x200&data=fachruddinyusufilham@gmail.com,false,,,,
chruddinyusufilham@gmail.com,Fachruddin Yusuf ,00000000000,Jalan2,car,,2023-12-21T15:10:00,2023-12-22T15:13:00,V1A,,plane,Jjj,123,123,https://api.qrserver.com/v1/create-qr-code/?size=200x200&data=fachruddinyusufilham@gmail.com,false,,,,
achruddinyusufilham@gmail.com,Fachruddin Yusuf ,00000000000,Jalan2,car,,2023-12-21T15:10:00,2023-12-22T15:13:00,V1A,,plane,Jjj,123,123,https://api.qrserver.com/v1/create-qr-code/?size=200x200&data=fachruddinyusufilham@gmail.com,false,,,,
ruddinyusufilham@gmail.com,Fachruddin Yusuf ,00000000000,Jalan2,car,,2023-12-21T15:10:00,2023-12-22T15:13:00,V1A,,plane,Jjj,123,123,https://api.qrserver.com/v1/create-qr-code/?size=200x200&data=fachruddinyusufilham@gmail.com,false,,,,
uddinyusufilham@gmail.com,Fachruddin Yusuf ,00000000000,Jalan2,car,,2023-12-21T15:10:00,2023-12-22T15:13:00,V1A,,plane,Jjj,123,123,https://api.qrserver.com/v1/create-qr-code/?size=200x200&data=fachruddinyusufilham@gmail.com,false,,,,
1123fachruddinyusufilham@gmail.com,Fachruddin Yusuf ,00000000000,Jalan2,car,,2023-12-21T15:10:00,2023-12-22T15:13:00,V1A,,plane,Jjj,123,123,https://api.qrserver.com/v1/create-qr-code/?size=200x200&data=fachruddinyusufilham@gmail.com,false,,,,
aachruddinyusufilham@gmail.com,Fachruddin Yusuf ,00000000000,Jalan2,car,,2023-12-21T15:10:00,2023-12-22T15:13:00,V1A,,plane,Jjj,123,123,https://api.qrserver.com/v1/create-qr-code/?size=200x200&data=fachruddinyusufilham@gmail.com,false,,,,
asdfachruddinyusufilham@gmail.com,Fachruddin Yusuf ,00000000000,Jalan2,car,,2023-12-21T15:10:00,2023-12-22T15:13:00,V1A,,plane,Jjj,123,123,https://api.qrserver.com/v1/create-qr-code/?size=200x200&data=fachruddinyusufilham@gmail.com,false,,,,
3123fachruddinyusufilham@gmail.com,Fachruddin Yusuf ,00000000000,Jalan2,car,,2023-12-21T15:10:00,2023-12-22T15:13:00,V1A,,plane,Jjj,123,123,https://api.qrserver.com/v1/create-qr-code/?size=200x200&data=fachruddinyusufilham@gmail.com,false,,,,
ascfachruddinyusufilham@gmail.com,Fachruddin Yusuf ,00000000000,Jalan2,car,,2023-12-21T15:10:00,2023-12-22T15:13:00,V1A,,plane,Jjj,123,123,https://api.qrserver.com/v1/create-qr-code/?size=200x200&data=fachruddinyusufilham@gmail.com,false,,,,
dasddddfachruddinyusufilham@gmail.com,Fachruddin Yusuf ,00000000000,Jalan2,car,,2023-12-21T15:10:00,2023-12-22T15:13:00,V1A,,plane,Jjj,123,123,https://api.qrserver.com/v1/create-qr-code/?size=200x200&data=fachruddinyusufilham@gmail.com,false,,,,
qqqqfachruddinyusufilham@gmail.com,Fachruddin Yusuf ,00000000000,Jalan2,car,,2023-12-21T15:10:00,2023-12-22T15:13:00,V1A,,plane,Jjj,123,123,https://api.qrserver.com/v1/create-qr-code/?size=200x200&data=fachruddinyusufilham@gmail.com,false,,,,
12312dfachruddinyusufilham@gmail.com,Fachruddin Yusuf ,00000000000,Jalan2,car,,2023-12-21T15:10:00,2023-12-22T15:13:00,V1A,,plane,Jjj,123,123,https://api.qrserver.com/v1/create-qr-code/?size=200x200&data=fachruddinyusufilham@gmail.com,false,,,,
555fachruddinyusufilham@gmail.com,Fachruddin Yusuf ,00000000000,Jalan2,car,,2023-12-21T15:10:00,2023-12-22T15:13:00,V1A,,plane,Jjj,123,123,https://api.qrserver.com/v1/create-qr-code/?size=200x200&data=fachruddinyusufilham@gmail.com,false,,,,
fachruddinyusufilham1@gmail.com,Fachruddin Yusuf ,00000000000,Jalan2,car,,2023-12-21T15:10:00,2023-12-22T15:13:00,V1A,,plane,Jjj,123,123,https://api.qrserver.com/v1/create-qr-code/?size=200x200&data=fachruddinyusufilham@gmail.com,false,,,,
toolcalc@gmail.com,Aya,08123445869,"Permata Jingga, Malang",car,,2023-12-20T14:36:00,2023-12-21T14:36:00,A5,,car,,,65893,https://api.qrserver.com/v1/create-qr-code/?size=200x200&data=toolcalc@gmail.com,true,,,,
aldiwild77@gmail.com,Fachruddin Yusuf ,00000000000,Jalan2,car,,2023-12-21T15:10:00,2023-12-22T15:13:00,Ad2,,plane,Jjj,123,123,https://api.qrserver.com/v1/create-qr-code/?size=200x200&data=fachruddinyusufilham@gmail.com,true,,,,